Sample_ID,Date,Year,Fieldwork_ID,Group,Gorilla_ID,Sex,Age_Class,Place,AM_PM,Mean_temp,Tourist_number_2d,Tourist_visit_2d,FGCMs_ng_g_wet
57,2017/8/9,2017,Fieldwork_01,R,Kabukojo,M,SB,Nest,AM,19.00462963,9,1,329.6410652
58,2017/8/9,2017,Fieldwork_01,R,Kanywani,M,BB,Trail,AM,19.00462963,9,1,591.1153995
59,2017/8/9,2017,Fieldwork_01,R,Kanyindo,F,AdF,Trail,AM,19.00462963,9,1,770.150521
65,2017/8/12,2017,Fieldwork_01,M,Malaika,F,AdF,Trail,AM,18.81944444,10,1,387.1478194
66,2017/8/12,2017,Fieldwork_01,M,Kanyonyi,M,SB,Trail,AM,18.81944444,10,1,498.6105751
67,2017/8/12,2017,Fieldwork_01,M,Kisho,F,AdF,Trail,PM,18.81944444,10,1,471.547665
68,2017/8/12,2017,Fieldwork_01,M,Kanyonyi,M,SB,Trail,PM,18.81944444,10,1,411.277499
69,2017/8/12,2017,Fieldwork_01,M,Mitunu,F,AdF,Trail,PM,18.81944444,10,1,486.206098
74,2017/8/13,2017,Fieldwork_01,M,Kanyonyi,M,SB,Nest,AM,18.12037037,8,1,326.324018
75,2017/8/13,2017,Fieldwork_01,M,Kanyonyi,M,SB,Trail,AM,18.12037037,8,1,357.6783271
76,2017/8/13,2017,Fieldwork_01,M,Mitunu,F,AdF,Trail,AM,18.12037037,8,1,340.0039085
77,2017/8/13,2017,Fieldwork_01,M,Kikombe,F,AdF,Trail,PM,18.12037037,8,1,412.1711941
78,2017/8/17,2017,Fieldwork_01,R,Kabukojo,M,SB,Nest,AM,19.21296296,8,1,592.0812976
79,2017/8/17,2017,Fieldwork_01,R,Kanywani,M,BB,Trail,AM,19.21296296,8,1,600
80,2017/8/17,2017,Fieldwork_01,R,Kibande,F,AdF,Trail,AM,19.21296296,8,1,1022.255228
81,2017/8/17,2017,Fieldwork_01,R,Kanywani,M,BB,Trail,AM,19.21296296,8,1,808.1219465
82,2017/8/18,2017,Fieldwork_01,H,Makara,M,SB,Trail,PM,18.79166667,6,1,565.5110416
83,2017/8/19,2017,Fieldwork_01,M,Kanyonyi,M,SB,Trail,AM,19.40972222,9,1,358.3349619
84,2017/8/19,2017,Fieldwork_01,M,Kanyonyi,M,SB,Nest,AM,19.40972222,9,1,439.3120969
85,2017/8/19,2017,Fieldwork_01,M,Kanyonyi,M,SB,Trail,AM,19.40972222,9,1,525.9957006
86,2017/8/19,2017,Fieldwork_01,M,Malaika,F,AdF,Trail,AM,19.40972222,9,1,442.7672464
87,2017/8/19,2017,Fieldwork_01,M,Malaika,F,AdF,Trail,PM,19.40972222,9,1,234.0355677
88,2017/8/24,2017,Fieldwork_01,R,Kabukojo,M,SB,Trail,PM,19.0787037,8,1,672.4643346
89,2017/8/24,2017,Fieldwork_01,R,Buzinza,F,AdF,Trail,PM,19.0787037,8,1,613.5470002
90,2017/8/25,2017,Fieldwork_01,H,Nyabukye's baby,M,Inf,Trail,AM,19.66203704,7,1,299.4332617
91,2017/8/25,2017,Fieldwork_01,H,Kabuyo,M,BB,Trail,AM,19.66203704,7,1,297.8776627
92,2017/8/26,2017,Fieldwork_01,M,Kanyonyi,M,SB,Nest,AM,19.5,8,1,412.1711941
93,2017/8/26,2017,Fieldwork_01,M,Kanyonyi,M,SB,Trail,AM,19.5,8,1,470.8461989
94,2017/8/26,2017,Fieldwork_01,M,Kanyonyi,M,SB,Trail,AM,19.5,8,1,478.4913035
95,2017/8/26,2017,Fieldwork_01,M,Kikombe,F,AdF,Trail,AM,19.5,8,1,303.0994723
96,2017/8/26,2017,Fieldwork_01,M,Kikombe,F,AdF,Trail,PM,19.5,8,1,370.3654485
97,2017/8/26,2017,Fieldwork_01,M,Kanyonyi,M,SB,Trail,PM,19.5,8,1,317.7799492
98,2017/8/31,2017,Fieldwork_01,R,Munyana,F,AdF,Trail,AM,19.60648148,8,1,643.4864178
99,2017/8/31,2017,Fieldwork_01,R,Kabunga,M,SAd,Trail,AM,19.60648148,8,1,346.8125855
100,2017/8/31,2017,Fieldwork_01,R,Kanyindo,F,AdF,Trail,AM,19.60648148,8,1,332.7809263
101,2017/8/31,2017,Fieldwork_01,R,Kabukojo,M,SB,Trail,AM,19.60648148,8,1,283.3691616
102,2017/8/31,2017,Fieldwork_01,R,Kabukojo,M,SB,Trail,AM,19.60648148,8,1,682.0168067
103,2017/8/31,2017,Fieldwork_01,R,Kanywani,M,BB,Trail,AM,19.60648148,8,1,245.5344929
104,2017/8/31,2017,Fieldwork_01,R,Ruterana,F,AdF,Trail,PM,19.60648148,8,1,474.6453
105,2017/8/31,2017,Fieldwork_01,R,Nderema,F,SAd,Trail,PM,19.60648148,8,1,462.4428376
106,2017/9/2,2017,Fieldwork_01,M,Nyampazi,F,AdF,Trail,AM,18.81481481,8,1,480.0982456
107,2017/9/2,2017,Fieldwork_01,M,Kanyonyi,M,SB,Trail,PM,18.81481481,8,1,611.9157895
108,2017/9/2,2017,Fieldwork_01,M,Kanyonyi,M,SB,Trail,PM,18.81481481,8,1,595.6
109,2017/9/7,2017,Fieldwork_01,R,Munyana,F,AdF,Trail,PM,18.78472222,10,1,1110.014035
110,2017/9/8,2017,Fieldwork_01,M,Nyampazi,F,AdF,Trail,AM,18.5625,6,1,261.5508772
111,2017/9/8,2017,Fieldwork_01,M,Kanyonyi,M,SB,Trail,PM,18.5625,6,1,1260.315789
112,2017/9/10,2017,Fieldwork_01,R,Kabunga,M,SAd,Trail,AM,18.97916667,7,1,326.5333333
113,2017/9/10,2017,Fieldwork_01,R,Karembezi,M,BB,Trail,AM,18.97916667,7,1,564.8421053
114,2017/9/10,2017,Fieldwork_01,R,Kabukojo,M,SB,Trail,AM,18.97916667,7,1,514.6385965
115,2017/9/10,2017,Fieldwork_01,R,Kabukojo,M,SB,Trail,AM,18.97916667,7,1,572.9964912
116,2017/9/10,2017,Fieldwork_01,R,Munyana,F,AdF,Trail,AM,18.97916667,7,1,364.9894737
117,2017/9/10,2017,Fieldwork_01,R,Kibande,F,AdF,Trail,AM,18.97916667,7,1,599.9859649
118,2017/9/14,2017,Fieldwork_01,R,Kabukojo,M,SB,Nest,AM,18.94675926,8,1,256.6175439
119,2017/9/14,2017,Fieldwork_01,R,Nderema,F,SAd,Trail,AM,18.94675926,8,1,551.6350877
120,2017/9/14,2017,Fieldwork_01,R,Kanyindo,F,AdF,Trail,AM,18.94675926,8,1,672.0140351
121,2017/9/14,2017,Fieldwork_01,R,Kabunga,M,SAd,Trail,AM,18.94675926,8,1,324.0912281
122,2017/9/14,2017,Fieldwork_01,R,Kabukojo,M,SB,Trail,AM,18.94675926,8,1,362.8491228
123,2017/9/14,2017,Fieldwork_01,R,Buzinza,F,AdF,Trail,AM,18.94675926,8,1,417.7964912
124,2017/9/14,2017,Fieldwork_01,R,Kamara,M,SAd,Trail,PM,18.94675926,8,1,389.7403509
125,2017/9/15,2017,Fieldwork_01,M,Nyampazi,F,AdF,Trail,AM,19.51388889,8,1,433.8315789
126,2017/9/15,2017,Fieldwork_01,M,Masanyu,M,Inf,Trail,AM,19.51388889,8,1,299.3614035
127,2017/9/15,2017,Fieldwork_01,M,Karungi,F,AdF,Trail,AM,19.51388889,8,1,781.445614
128,2017/9/15,2017,Fieldwork_01,M,Kanyonyi,M,SB,Nest,AM,19.51388889,8,1,540.1403509
129,2017/9/15,2017,Fieldwork_01,M,Kanyonyi,M,SB,Trail,AM,19.51388889,8,1,575.7473684
130,2017/9/15,2017,Fieldwork_01,M,Kikombe,F,AdF,Trail,AM,19.51388889,8,1,299.9087719
131,2017/9/15,2017,Fieldwork_01,M,Malaika,F,AdF,Trail,PM,19.51388889,8,1,290.8140351
132,2017/9/16,2017,Fieldwork_01,R,Ruterana,F,AdF,Trail,AM,18.79166667,8,1,350.3719298
133,2017/9/16,2017,Fieldwork_01,R,Kabukojo,M,SB,Trail,AM,18.79166667,8,1,364.9894737
134,2017/9/16,2017,Fieldwork_01,R,Karembezi,M,BB,Trail,AM,18.79166667,8,1,439.3684211
135,2017/9/16,2017,Fieldwork_01,R,Buzinza,F,AdF,Trail,AM,18.79166667,8,1,219.7824561
136,2017/9/16,2017,Fieldwork_01,R,Kabunga,M,SAd,Trail,AM,18.79166667,8,1,458.5894737
137,2017/9/16,2017,Fieldwork_01,R,Kamara,M,SAd,Trail,AM,18.79166667,8,1,550.3438596
138,2017/9/18,2017,Fieldwork_01,M,Nyampazi,F,AdF,Trail,AM,18.20833333,9,1,284.6245614
139,2017/9/18,2017,Fieldwork_01,M,Kanyonyi,M,SB,Trail,AM,18.20833333,9,1,378.9614035
140,2017/9/18,2017,Fieldwork_01,M,Karungi,F,AdF,Trail,PM,18.20833333,9,1,346.3438596
141,2017/9/18,2017,Fieldwork_01,M,Kikombe,F,AdF,Trail,PM,18.20833333,9,1,157.4374374
142,2017/9/18,2017,Fieldwork_01,M,Kisho,F,AdF,Trail,PM,18.20833333,9,1,219.995996
143,2017/9/18,2017,Fieldwork_01,M,Malaika,F,AdF,Trail,PM,18.20833333,9,1,352.3603604
144,2017/9/19,2017,Fieldwork_01,R,Kabukojo,M,SB,Nest,AM,19.46296296,8,1,503.6236236
145,2017/9/19,2017,Fieldwork_01,R,Kanyindo,F,AdF,Trail,AM,19.46296296,8,1,523.995996
146,2017/9/19,2017,Fieldwork_01,R,Kibande,F,AdF,Trail,AM,19.46296296,8,1,628.3643644
147,2017/9/19,2017,Fieldwork_01,R,Kabukojo,M,SB,Trail,AM,19.46296296,8,1,447.5995996
148,2017/9/22,2017,Fieldwork_01,R,Kibande,F,AdF,Trail,AM,16.71759259,9,1,357.0850851
149,2017/9/22,2017,Fieldwork_01,R,Karembezi,M,BB,Trail,AM,16.71759259,9,1,492.9249249
150,2017/9/22,2017,Fieldwork_01,R,Kabunga,M,SAd,Trail,AM,16.71759259,9,1,403.2192192
151,2017/9/22,2017,Fieldwork_01,R,Munyana,F,AdF,Trail,PM,16.71759259,9,1,546.8108108
152,2017/9/22,2017,Fieldwork_01,R,Kanyindo,F,AdF,Trail,PM,16.71759259,9,1,417.7617618
153,2017/9/22,2017,Fieldwork_01,R,Kamara,M,SAd,Trail,PM,16.71759259,9,1,519.8238238
154,2017/9/22,2017,Fieldwork_01,R,Ruterana,F,AdF,Trail,PM,16.71759259,9,1,363.7237237
155,2017/9/23,2017,Fieldwork_01,M,Twesiime,F,AdF,Trail,AM,18.34953704,8,1,322.6186186
156,2017/9/23,2017,Fieldwork_01,M,Malaika,F,AdF,Trail,AM,18.34953704,8,1,282.7147147
157,2017/9/23,2017,Fieldwork_01,M,Kanyonyi,M,SB,Nest,AM,18.34953704,8,1,333.7657658
158,2017/9/23,2017,Fieldwork_01,M,Mitunu,F,AdF,Trail,AM,18.34953704,8,1,435.4514515
159,2017/9/23,2017,Fieldwork_01,M,Kisho,F,AdF,Trail,AM,18.34953704,8,1,297.5695696
160,2017/9/24,2017,Fieldwork_01,R,Kibande,F,AdF,Trail,AM,19.18055556,9,1,343.7357357
161,2017/9/24,2017,Fieldwork_01,R,Kamara,M,SAd,Trail,AM,19.18055556,9,1,208.5125125
162,2017/9/24,2017,Fieldwork_01,R,Kabukojo,M,SB,Trail,AM,19.18055556,9,1,259.6116116
163,2017/9/24,2017,Fieldwork_01,R,Kanyindo,F,AdF,Trail,PM,19.18055556,9,1,362.5065065
164,2017/9/24,2017,Fieldwork_01,R,Ruterana,F,AdF,Trail,PM,19.18055556,9,1,327.8638639
165,2017/9/27,2017,Fieldwork_01,M,Kikombe,F,AdF,Trail,AM,19.45601852,5,1,233.5935936
166,2017/9/27,2017,Fieldwork_01,M,Twesiime,F,AdF,Trail,AM,19.45601852,5,1,287.5595596
167,2017/9/27,2017,Fieldwork_01,M,Nyampazi,F,AdF,Trail,AM,19.45601852,5,1,234.2822823
168,2017/9/27,2017,Fieldwork_01,M,Kanyonyi,M,SB,Trail,AM,19.45601852,5,1,177.1211211
169,2017/9/27,2017,Fieldwork_01,M,Kisho,F,AdF,Trail,PM,19.45601852,5,1,197.1331331
170,2017/9/27,2017,Fieldwork_01,M,Masanyu,M,Inf,Trail,PM,19.45601852,5,1,245.2692693
171,2017/9/28,2017,Fieldwork_01,R,Kabukojo,M,SB,Nest,AM,19.99537037,8,1,384.7207207
172,2017/9/28,2017,Fieldwork_01,R,Ruterana,F,AdF,Trail,AM,19.99537037,8,1,252.3163163
173,2017/9/28,2017,Fieldwork_01,R,Kibande,F,AdF,Trail,AM,19.99537037,8,1,170.9469469
174,2017/9/28,2017,Fieldwork_01,R,Kabukojo,M,SB,Trail,PM,19.99537037,8,1,299.9079079
175,2017/9/28,2017,Fieldwork_01,R,Kabunga,M,SAd,Trail,PM,19.99537037,8,1,439.4474474
176,2017/9/29,2017,Fieldwork_01,R,Kabukojo,M,SB,Nest,AM,18.22685185,7,1,324.8116275
177,2017/9/29,2017,Fieldwork_01,R,Nderema,F,SAd,Trail,AM,18.22685185,7,1,309.7800727
178,2017/9/29,2017,Fieldwork_01,R,Karembezi,M,BB,Trail,AM,18.22685185,7,1,356.6800535
179,2017/9/29,2017,Fieldwork_01,R,Kabukojo,M,SB,Trail,AM,18.22685185,7,1,292.8820042
180,2017/9/29,2017,Fieldwork_01,R,Ruterana,F,AdF,Trail,PM,18.22685185,7,1,358.8602027
181,2017/9/30,2017,Fieldwork_01,R,Kabukojo,M,SB,Nest,AM,17.99768519,8,1,360.5125263
182,2017/9/30,2017,Fieldwork_01,R,Karembezi,M,BB,Nest,AM,17.99768519,8,1,410.6406579
183,2017/9/30,2017,Fieldwork_01,R,Munyana,F,AdF,Trail,AM,17.99768519,8,1,292.0711417
184,2017/9/30,2017,Fieldwork_01,R,Kibande,F,AdF,Trail,AM,17.99768519,8,1,470.4685408
185,2017/9/30,2017,Fieldwork_01,R,Kabukojo,M,SB,Trail,AM,17.99768519,8,1,437.751004
186,2017/9/30,2017,Fieldwork_01,R,Karembezi,M,BB,Trail,PM,17.99768519,8,1,434.767642
187,2017/10/2,2017,Fieldwork_01,R,Buzinza,F,AdF,Trail,AM,19.50462963,9,1,304.1422834
188,2017/10/2,2017,Fieldwork_01,R,Kabukojo,M,SB,Trail,AM,19.50462963,9,1,360.5125263
189,2017/10/2,2017,Fieldwork_01,R,Kabukojo,M,SB,Nest,AM,19.50462963,9,1,409.2866705
190,2017/10/2,2017,Fieldwork_01,R,Kafuruka,M,BB,Trail,AM,19.50462963,9,1,374.1441958
191,2017/10/3,2017,Fieldwork_01,M,Malaika,F,AdF,Trail,AM,19.03009259,8,1,269.8795181
192,2017/10/3,2017,Fieldwork_01,M,Kikombe,F,AdF,Trail,AM,19.03009259,8,1,199.6634156
193,2017/10/3,2017,Fieldwork_01,M,Twesiime,F,AdF,Trail,PM,19.03009259,8,1,315.5785045
194,2017/10/3,2017,Fieldwork_01,M,Kanyonyi,M,SB,Trail,PM,19.03009259,8,1,295.329891
195,2017/10/3,2017,Fieldwork_01,M,Karungi,F,AdF,Trail,PM,19.03009259,8,1,245.729585
196,2017/10/4,2017,Fieldwork_01,R,Kabukojo,M,SB,Nest,AM,19.75462963,8,1,229.5199847
197,2017/10/4,2017,Fieldwork_01,R,Kabukojo,M,SB,Trail,AM,19.75462963,8,1,312.885829
198,2017/10/4,2017,Fieldwork_01,R,Kabunga,M,SAd,Trail,AM,19.75462963,8,1,262.421113
199,2017/10/4,2017,Fieldwork_01,R,Ruterana,F,AdF,Trail,AM,19.75462963,8,1,268.0818512
200,2017/10/4,2017,Fieldwork_01,R,Kibande,F,AdF,Trail,PM,19.75462963,8,1,190.5144387
201,2017/10/6,2017,Fieldwork_01,R,Kabukojo,M,SB,Nest,AM,19.125,8,1,346.5901702
202,2017/10/6,2017,Fieldwork_01,R,Kanywani,M,BB,Trail,AM,19.125,8,1,293.6928667
203,2017/10/6,2017,Fieldwork_01,R,Munyana,F,AdF,Trail,PM,19.125,8,1,214.9015108
204,2017/10/7,2017,Fieldwork_01,M,Karungi,F,AdF,Trail,AM,18.10416667,8,1,197.6974565
205,2017/10/7,2017,Fieldwork_01,M,Malaika,F,AdF,Trail,AM,18.10416667,8,1,265.9399503
206,2017/10/7,2017,Fieldwork_01,M,Kanyonyi,M,SB,Trail,AM,18.10416667,8,1,269.8795181
207,2017/10/10,2017,Fieldwork_01,R,Kabunga,M,SAd,Trail,AM,18.85648148,7,1,174.4501817
208,2017/10/10,2017,Fieldwork_01,R,Munyana,F,AdF,Trail,AM,18.85648148,7,1,139.1317652
209,2017/10/10,2017,Fieldwork_01,R,Kabunga,M,SAd,Trail,AM,18.85648148,7,1,204.6815835
210,2017/10/10,2017,Fieldwork_01,R,Ruterana,F,AdF,Trail,AM,18.85648148,7,1,324.8116275
211,2017/10/10,2017,Fieldwork_01,R,Kabukojo,M,SB,Trail,AM,18.85648148,7,1,308.6270421
212,2017/10/10,2017,Fieldwork_01,R,Kanywani,M,BB,Trail,AM,18.85648148,7,1,186.7153285
213,2017/10/11,2017,Fieldwork_01,M,Karungi,F,AdF,Trail,AM,19.45601852,8,1,261.1539798
214,2017/10/11,2017,Fieldwork_01,M,Kisho,F,AdF,Trail,AM,19.45601852,8,1,213.4376086
215,2017/10/11,2017,Fieldwork_01,M,Malaika,F,AdF,Trail,AM,19.45601852,8,1,249.0093848
216,2017/10/11,2017,Fieldwork_01,M,Kikombe,F,AdF,Trail,AM,19.45601852,8,1,246.7431352
217,2017/10/11,2017,Fieldwork_01,M,Kanyonyi,M,SB,Trail,PM,19.45601852,8,1,332.6242614
218,2017/10/12,2017,Fieldwork_01,R,Kabukojo,M,SB,Trail,AM,18.63194444,5,1,203.3646159
219,2017/10/12,2017,Fieldwork_01,R,Kabunga,M,SAd,Trail,AM,18.63194444,5,1,305.1164407
220,2017/10/12,2017,Fieldwork_01,R,Ruterana,F,AdF,Trail,AM,18.63194444,5,1,315.3006604
221,2017/10/12,2017,Fieldwork_01,R,Barekye,M,Inf,Trail,AM,18.63194444,5,1,593.096976
222,2017/10/12,2017,Fieldwork_01,R,Kanywani,M,BB,Trail,AM,18.63194444,5,1,154.6611053
223,2017/10/12,2017,Fieldwork_01,R,Kibande,F,AdF,Trail,PM,18.63194444,5,1,318.9781022
224,2017/10/12,2017,Fieldwork_01,R,Nderema,F,SAd,Trail,PM,18.63194444,5,1,292.5338895
225,2017/10/13,2017,Fieldwork_01,M,Kanyonyi,M,SB,Nest,AM,18.42592593,8,1,333.7504345
226,2017/10/13,2017,Fieldwork_01,M,Mitunu,F,AdF,Trail,PM,18.42592593,8,1,261.5571776
227,2017/10/13,2017,Fieldwork_01,M,Kanyonyi,M,SB,Trail,PM,18.42592593,8,1,273.229058
228,2018/5/18,2018,Fieldwork_02,R,Kabukojo,M,SB,Trail,AM,,11,2,376.6948555
229,2018/5/18,2018,Fieldwork_02,R,Kibande,F,AdF,Trail,AM,,11,2,299.5489782
230,2018/5/18,2018,Fieldwork_02,R,Ruterana,F,AdF,Trail,AM,,11,2,426.7019027
231,2018/5/18,2018,Fieldwork_02,R,Kanyindo,F,AdF,Trail,PM,,11,2,261.9238901
232,2018/5/18,2018,Fieldwork_02,R,Munyana,F,AdF,Trail,PM,,11,2,382.3326286
238,2018/5/19,2018,Fieldwork_02,R,Kanywani,M,BB,Trail,AM,,6,1,415.34179
239,2018/5/19,2018,Fieldwork_02,R,Kanyindo,F,AdF,Trail,AM,,6,1,316.02537
240,2018/5/19,2018,Fieldwork_02,R,Ruterana,F,AdF,Trail,AM,,6,1,344.0239605
241,2018/5/19,2018,Fieldwork_02,R,Kabukojo,M,SB,Trail,PM,,6,1,353.2135307
242,2018/5/19,2018,Fieldwork_02,R,Munyana,F,AdF,Trail,PM,,6,1,298.4214235
248,2018/5/20,2018,Fieldwork_02,R,Kabukojo,M,SB,Nest,AM,20.9125,14,2,227.6744186
249,2018/5/20,2018,Fieldwork_02,R,Kabunga,M,SAd,Trail,AM,20.9125,14,2,127.4700493
250,2018/5/20,2018,Fieldwork_02,R,Kabukojo,M,SB,Trail,AM,20.9125,14,2,319.7251586
251,2018/5/20,2018,Fieldwork_02,R,Buzinza,F,AdF,Trail,PM,20.9125,14,2,167.0119803
256,2018/5/22,2018,Fieldwork_02,R,Kabukojo,M,SB,Trail,AM,21.6125,16,2,265.7152925
257,2018/5/22,2018,Fieldwork_02,R,Kibande,F,AdF,Trail,AM,21.6125,16,2,365.0458069
258,2018/5/22,2018,Fieldwork_02,R,Ruterana,F,AdF,Trail,AM,21.6125,16,2,291.7688513
262,2018/5/23,2018,Fieldwork_02,M,Maraya,M,SB,Nest,AM,20.92916667,0,0,197.6391825
263,2018/5/23,2018,Fieldwork_02,M,Maraya,M,SB,Trail,PM,20.92916667,0,0,276.4545724
264,2018/5/23,2018,Fieldwork_02,M,Karungi,F,AdF,Trail,PM,20.92916667,0,0,284.0603729
268,2018/5/24,2018,Fieldwork_02,R,Kabukojo,M,SB,Nest,AM,20.02916667,18,2,334.6137911
269,2018/5/24,2018,Fieldwork_02,R,Munyana,F,AdF,Trail,AM,20.02916667,18,2,163.6282924
270,2018/5/24,2018,Fieldwork_02,R,Kabukojo,M,SB,Trail,AM,20.02916667,18,2,264.5930749
271,2018/5/24,2018,Fieldwork_02,R,Kanyindo,F,AdF,Trail,PM,20.02916667,18,2,947.3157739
272,2018/5/24,2018,Fieldwork_02,R,Kabunga,M,SAd,Trail,PM,20.02916667,18,2,254.61971
273,2018/5/24,2018,Fieldwork_02,R,Buzinza,F,AdF,Trail,PM,20.02916667,18,2,262.6812666
274,2018/5/24,2018,Fieldwork_02,R,Ruterana,F,AdF,Trail,PM,20.02916667,18,2,273.755549
275,2018/5/24,2018,Fieldwork_02,R,Kibande,F,AdF,Trail,PM,20.02916667,18,2,295.6496005
284,2018/5/25,2018,Fieldwork_02,M,Maraya,M,SB,Nest,AM,19.61666667,0,0,343.6223735
285,2018/5/25,2018,Fieldwork_02,M,Karungi,F,AdF,Trail,AM,19.61666667,0,0,930.9085528
286,2018/5/25,2018,Fieldwork_02,M,Kikombe,F,AdF,Trail,AM,19.61666667,0,0,538.9109204
287,2018/5/25,2018,Fieldwork_02,M,Twesiime,F,AdF,Trail,AM,19.61666667,0,0,591.7904706
288,2018/5/25,2018,Fieldwork_02,M,Kisho,F,AdF,Trail,AM,19.61666667,0,0,672.0390648
294,2018/5/27,2018,Fieldwork_02,R,Kabukojo,M,SB,Nest,AM,20.49583333,6,1,320.8700799
295,2018/5/27,2018,Fieldwork_02,R,Kibande,F,AdF,Trail,PM,20.49583333,6,1,207.8780704
298,2018/5/28,2018,Fieldwork_02,M,Maraya,M,SB,Trail,AM,20.80833333,0,0,491.943734
299,2018/5/28,2018,Fieldwork_02,M,Karungi,F,AdF,Trail,AM,20.80833333,0,0,1191.150895
302,2018/5/29,2018,Fieldwork_02,R,Kanywani,M,BB,Trail,AM,20.31666667,16,2,212.3825987
303,2018/5/29,2018,Fieldwork_02,R,Kabukojo,M,SB,Trail,AM,20.31666667,16,2,192.6418899
304,2018/5/29,2018,Fieldwork_02,R,Ruterana,F,AdF,Trail,AM,20.31666667,16,2,207.8651685
305,2018/5/29,2018,Fieldwork_02,R,Kibande,F,AdF,Trail,AM,20.31666667,16,2,130.5272256
306,2018/5/29,2018,Fieldwork_02,R,Kabunga,M,SAd,Trail,AM,20.31666667,16,2,180.3284356
342,2018/5/30,2018,Fieldwork_02,M,Maraya,M,SB,Nest,AM,20.33333333,0,0,394.6121057
343,2018/5/30,2018,Fieldwork_02,M,Karungi,F,AdF,Trail,AM,20.33333333,0,0,546.1636829
344,2018/5/30,2018,Fieldwork_02,M,Maraya,M,SB,Trail,AM,20.33333333,0,0,490.5882353
345,2018/5/30,2018,Fieldwork_02,M,Twesiime,F,AdF,Trail,PM,20.33333333,0,0,649.4629156
350,2018/5/31,2018,Fieldwork_02,R,Karembezi,M,BB,Trail,AM,20.07916667,19,2,214.5950554
351,2018/5/31,2018,Fieldwork_02,R,Ruterana,F,AdF,Trail,AM,20.07916667,19,2,282.9411765
352,2018/5/31,2018,Fieldwork_02,R,Kabukojo,M,SB,Trail,AM,20.07916667,19,2,223.42711
353,2018/5/31,2018,Fieldwork_02,R,Kibande,F,AdF,Trail,AM,20.07916667,19,2,440.1960784
354,2018/5/31,2018,Fieldwork_02,R,Kanyindo,F,AdF,Trail,PM,20.07916667,19,2,560.6052856
360,2018/6/1,2018,Fieldwork_02,M,Maraya,M,SB,Trail,AM,20.30416667,0,0,211.4492754
362,2018/6/2,2018,Fieldwork_02,M,Kisho,F,AdF,Trail,AM,20.79166667,0,0,269.1730605
364,2018/6/2,2018,Fieldwork_02,R,Kabunga,M,SAd,Trail,PM,20.79166667,12,2,296.2745098
365,2018/6/2,2018,Fieldwork_02,R,Kabukojo,M,SB,Trail,PM,20.79166667,12,2,243.0690537
366,2018/6/2,2018,Fieldwork_02,R,Kanywani,M,BB,Trail,PM,20.79166667,12,2,156.3086104
370,2018/6/4,2018,Fieldwork_02,R,Karembezi,M,BB,Trail,AM,21.14166667,20,2,338.099872
371,2018/6/4,2018,Fieldwork_02,R,Munyana,F,AdF,Trail,AM,21.14166667,20,2,484.7221511
372,2018/6/4,2018,Fieldwork_02,R,Ruterana,F,AdF,Trail,AM,21.14166667,20,2,376.7887324
373,2018/6/4,2018,Fieldwork_02,R,Kabukojo,M,SB,Trail,PM,21.14166667,20,2,378.2740077
374,2018/6/4,2018,Fieldwork_02,R,Kabunga,M,SAd,Trail,PM,21.14166667,20,2,165.6338028
380,2018/6/5,2018,Fieldwork_02,R,Kabukojo,M,SB,Nest,AM,21.8,15,2,327.4058899
381,2018/6/5,2018,Fieldwork_02,R,Kibande,F,AdF,Trail,AM,21.8,15,2,189.2752881
382,2018/6/5,2018,Fieldwork_02,R,Kabunga,M,SAd,Trail,AM,21.8,15,2,149.7362356
383,2018/6/5,2018,Fieldwork_02,R,Ruterana,F,AdF,Trail,PM,21.8,15,2,285.6850192
384,2018/6/5,2018,Fieldwork_02,R,Mitunu,F,AdF,Trail,PM,21.8,15,2,433.1882202
385,2018/6/5,2018,Fieldwork_02,R,Kabukojo,M,SB,Trail,PM,21.8,15,2,244.1075544
386,2018/6/6,2018,Fieldwork_02,R,Kabukojo,M,SB,Nest,AM,20.33333333,18,2,207.3341869
387,2018/6/6,2018,Fieldwork_02,R,Rushokye,F,AdF,Trail,AM,20.33333333,18,2,402.4174136
388,2018/6/6,2018,Fieldwork_02,R,Kankwehe,F,Inf,Trail,AM,20.33333333,18,2,319.5288092
389,2018/6/6,2018,Fieldwork_02,R,Kibande,F,AdF,Trail,AM,20.33333333,18,2,262.6991037
390,2018/6/6,2018,Fieldwork_02,R,Kabukojo,M,SB,Trail,AM,20.33333333,18,2,380.5275288
391,2018/6/6,2018,Fieldwork_02,R,Karembezi,M,BB,Trail,PM,20.33333333,18,2,443.2266325
392,2018/6/6,2018,Fieldwork_02,R,Buzinza,F,AdF,Trail,PM,20.33333333,18,2,205.9513444
393,2018/6/6,2018,Fieldwork_02,R,Kabunga,M,SAd,Trail,PM,20.33333333,18,2,192.4097311
394,2018/6/6,2018,Fieldwork_02,M,Maraya,M,SB,Nest,AM,20.33333333,0,0,339.3802817
395,2018/6/6,2018,Fieldwork_02,M,Maraya,M,SB,Trail,AM,20.33333333,0,0,356.0460948
396,2018/6/6,2018,Fieldwork_02,M,Twesiime,F,AdF,Trail,PM,20.33333333,0,0,443.2266325
397,2018/6/7,2018,Fieldwork_02,R,Kabukojo,M,SB,Nest,AM,20.79583333,14,2,236.2304738
398,2018/6/7,2018,Fieldwork_02,R,Kabukojo,M,SB,Trail,AM,20.79583333,14,2,360.9116517
399,2018/6/7,2018,Fieldwork_02,R,Mitunu,F,AdF,Trail,AM,20.79583333,14,2,351.9487836
400,2018/6/7,2018,Fieldwork_02,R,Karembezi,M,BB,Trail,AM,20.79583333,14,2,200.5428937
401,2018/6/7,2018,Fieldwork_02,R,Munyana,F,AdF,Trail,AM,20.79583333,14,2,240.3380282
402,2018/6/7,2018,Fieldwork_02,R,Ruterana,F,AdF,Trail,AM,20.79583333,14,2,256.3175416
403,2018/6/7,2018,Fieldwork_02,R,Kanywani,M,BB,Trail,AM,20.79583333,14,2,190.168246
404,2018/6/7,2018,Fieldwork_02,R,Nyampazi,F,AdF,Trail,AM,20.79583333,14,2,388.8764262
405,2018/6/7,2018,Fieldwork_02,R,Kibande,F,AdF,Trail,PM,20.79583333,14,2,262.6029781
406,2018/6/8,2018,Fieldwork_02,M,Maraya,M,SB,Nest,AM,20.17916667,0,0,701.4968091
407,2018/6/8,2018,Fieldwork_02,M,Karungi,F,AdF,Trail,AM,20.17916667,0,0,290.6981242
408,2018/6/8,2018,Fieldwork_02,M,Kikombe,F,AdF,Trail,AM,20.17916667,0,0,330.9766003
409,2018/6/9,2018,Fieldwork_02,R,Kabukojo,M,SB,Trail,AM,18.54166667,14,2,273.4558113
410,2018/6/9,2018,Fieldwork_02,R,Ruterana,F,AdF,Trail,PM,18.54166667,14,2,262.100174
411,2018/6/9,2018,Fieldwork_02,R,Kanywani,M,BB,Trail,PM,18.54166667,14,2,356.9986463
412,2018/6/9,2018,Fieldwork_02,R,Kibande,F,AdF,Trail,PM,18.54166667,14,2,264.1113904
413,2018/6/9,2018,Fieldwork_02,R,Buzinza,F,AdF,Trail,PM,18.54166667,14,2,201.5393541
414,2018/6/11,2018,Fieldwork_02,R,Kabukojo,M,SB,Trail,AM,17.84166667,15,2,338.8435506
415,2018/6/11,2018,Fieldwork_02,R,Munyana,F,AdF,Trail,AM,17.84166667,15,2,292.4540708
416,2018/6/11,2018,Fieldwork_02,R,Masanyu,M,Inf,Trail,AM,17.84166667,15,2,265.6430091
417,2018/6/11,2018,Fieldwork_02,R,Kanywani,M,BB,Trail,PM,17.84166667,15,2,244.9120093
418,2018/6/11,2018,Fieldwork_02,R,Kabunga,M,SAd,Trail,PM,17.84166667,15,2,190.8180236
419,2018/6/11,2018,Fieldwork_02,R,Karembezi,M,BB,Trail,PM,17.84166667,15,2,230.5163411
420,2018/6/11,2018,Fieldwork_02,R,Kanyindo,F,AdF,Trail,PM,17.84166667,15,2,273.9895571
421,2018/6/11,2018,Fieldwork_02,R,Mitunu,F,AdF,Trail,PM,17.84166667,15,2,231.7772191
422,2018/6/11,2018,Fieldwork_02,R,Nyampazi,F,AdF,Trail,PM,17.84166667,15,2,223.5621737
423,2018/6/11,2018,Fieldwork_02,R,Barekye,M,Inf,Trail,PM,17.84166667,15,2,280.5028041
424,2018/6/12,2018,Fieldwork_02,M,Twesiime,F,AdF,Trail,AM,18.38333333,0,0,701.4968091
425,2018/6/12,2018,Fieldwork_02,M,Kikombe,F,AdF,Trail,AM,18.38333333,0,0,430.4389867
426,2018/6/12,2018,Fieldwork_02,M,Karungi,F,AdF,Trail,PM,18.38333333,0,0,435.714562
427,2018/6/13,2018,Fieldwork_02,R,Kabukojo,M,SB,Trail,AM,18.87916667,17,2,180.2436666
428,2018/6/13,2018,Fieldwork_02,R,Kabunga,M,SAd,Trail,AM,18.87916667,17,2,166.5983369
429,2018/6/13,2018,Fieldwork_02,R,Buzinza,F,AdF,Trail,AM,18.87916667,17,2,198.4374396
430,2018/6/13,2018,Fieldwork_02,R,Mitunu,F,AdF,Trail,PM,18.87916667,17,2,236.0471862
431,2018/6/13,2018,Fieldwork_02,R,Kibande,F,AdF,Trail,PM,18.87916667,17,2,198.7855347
432,2018/6/13,2018,Fieldwork_02,R,Ruterana,F,AdF,Trail,PM,18.87916667,17,2,186.0529878
433,2018/6/13,2018,Fieldwork_02,R,Nyampazi,F,AdF,Trail,PM,18.87916667,17,2,196.751112
434,2018/6/13,2018,Fieldwork_02,M,Kisho,F,AdF,Trail,AM,18.87916667,0,0,255.7029588
435,2018/6/14,2018,Fieldwork_02,M,Maraya,M,SB,Nest,AM,17.75,0,0,247.6658287
436,2018/6/14,2018,Fieldwork_02,M,Maraya,M,SB,Trail,AM,17.75,0,0,164.9816283
437,2018/6/14,2018,Fieldwork_02,M,Kikombe,F,AdF,Trail,PM,17.75,0,0,216.5074454
438,2018/6/14,2018,Fieldwork_02,M,Twesiime,F,AdF,Trail,PM,17.75,0,0,198.2521767
439,2018/6/14,2018,Fieldwork_02,M,Karungi,F,AdF,Trail,PM,17.75,0,0,265.3079652
440,2018/6/15,2018,Fieldwork_02,R,Kabunga,M,SAd,Trail,AM,18.10416667,18,2,146.4946791
441,2018/6/15,2018,Fieldwork_02,R,Kibande,F,AdF,Trail,AM,18.10416667,18,2,175.1112544
442,2018/6/15,2018,Fieldwork_02,R,Buzinza,F,AdF,Trail,AM,18.10416667,18,2,173.6923573
443,2018/6/15,2018,Fieldwork_02,R,Karembezi,M,BB,Trail,AM,18.10416667,18,2,177.6975169
444,2018/6/15,2018,Fieldwork_02,R,Kanywani,M,BB,Trail,AM,18.10416667,18,2,265.3079652
445,2018/6/15,2018,Fieldwork_02,R,Mitunu,F,AdF,Trail,PM,18.10416667,18,2,207.9006772
446,2018/6/15,2018,Fieldwork_02,R,Nyampazi,F,AdF,Trail,PM,18.10416667,18,2,278.5875524
447,2018/6/15,2018,Fieldwork_02,R,Ruterana,F,AdF,Trail,PM,18.10416667,18,2,257.0977104
448,2018/6/15,2018,Fieldwork_02,R,Kabukojo,M,SB,Trail,PM,18.10416667,18,2,216.6591422
449,2018/6/17,2018,Fieldwork_02,R,Karembezi,M,BB,Trail,AM,18.95416667,17,2,319.9613028
450,2018/6/17,2018,Fieldwork_02,R,Kabukojo,M,SB,Nest,AM,18.95416667,17,2,231.5640116
451,2018/6/17,2018,Fieldwork_02,R,Buzinza,F,AdF,Trail,AM,18.95416667,17,2,440.4643663
452,2018/6/17,2018,Fieldwork_02,R,Masanyu,M,Inf,Trail,PM,18.95416667,17,2,329.145437
453,2018/6/17,2018,Fieldwork_02,R,Mitunu,F,AdF,Trail,PM,18.95416667,17,2,585.3724605
454,2018/6/17,2018,Fieldwork_02,R,Kibande,F,AdF,Trail,PM,18.95416667,17,2,505.6433409
455,2018/6/17,2018,Fieldwork_02,R,Ruterana,F,AdF,Trail,PM,18.95416667,17,2,403.8245727
456,2018/6/18,2018,Fieldwork_02,R,Kabukojo,M,SB,Nest,AM,19.45,15,2,333.8793937
457,2018/6/18,2018,Fieldwork_02,R,Kabukojo,M,SB,Trail,AM,19.45,15,2,229.9322799
458,2018/6/18,2018,Fieldwork_02,R,Kabunga,M,SAd,Trail,AM,19.45,15,2,195.6014189
459,2018/6/18,2018,Fieldwork_02,R,Kanywani,M,BB,Trail,AM,19.45,15,2,255.2208965
460,2018/6/18,2018,Fieldwork_02,R,Nyampazi,F,AdF,Trail,AM,19.45,15,2,172.0090293
461,2018/6/18,2018,Fieldwork_02,R,Buzinza,F,AdF,Trail,AM,19.45,15,2,161.0448243
462,2018/6/18,2018,Fieldwork_02,R,Kibande,F,AdF,Trail,PM,19.45,15,2,245.6433409
463,2018/6/18,2018,Fieldwork_02,R,Ruterana,F,AdF,Trail,PM,19.45,15,2,251.5124153
464,2018/6/18,2018,Fieldwork_02,R,Karembezi,M,BB,Trail,PM,19.45,15,2,288.8810061
465,2018/6/18,2018,Fieldwork_02,R,Kanywani,M,BB,Trail,PM,19.45,15,2,204.385682
466,2018/6/18,2018,Fieldwork_02,M,Maraya,M,SB,Trail,AM,19.45,0,0,193.324734
467,2018/6/18,2018,Fieldwork_02,M,Twesiime,F,AdF,Trail,AM,19.45,0,0,198.9229281
468,2018/6/18,2018,Fieldwork_02,M,Kisho,F,AdF,Trail,AM,19.45,0,0,175.1112544
469,2018/6/18,2018,Fieldwork_02,M,Karungi,F,AdF,Trail,PM,19.45,0,0,196.2592712
470,2018/6/19,2018,Fieldwork_02,R,Kabukojo,M,SB,Nest,AM,19.86666667,15,2,198.5875524
471,2018/6/19,2018,Fieldwork_02,R,Kabunga,M,SAd,Trail,AM,19.86666667,15,2,169.7968397
472,2018/6/19,2018,Fieldwork_02,R,Karembezi,M,BB,Trail,AM,19.86666667,15,2,219.3099
473,2018/6/19,2018,Fieldwork_02,R,Buzinza,F,AdF,Trail,AM,19.86666667,15,2,312.432194
474,2018/6/19,2018,Fieldwork_02,R,Nyampazi,F,AdF,Trail,AM,19.86666667,15,2,265.3318633
475,2018/6/19,2018,Fieldwork_02,R,Mitunu,F,AdF,Trail,PM,19.86666667,15,2,344.2822492
476,2018/6/19,2018,Fieldwork_02,R,Kabukojo,M,SB,Trail,PM,19.86666667,15,2,190.8974642
477,2018/6/19,2018,Fieldwork_02,R,Kanywani,M,BB,Trail,PM,19.86666667,15,2,156.5071665
478,2018/6/20,2018,Fieldwork_02,M,Karungi,F,AdF,Trail,AM,18.95,0,0,130.7607497
479,2018/6/20,2018,Fieldwork_02,M,Kikombe,F,AdF,Trail,AM,18.95,0,0,139.5016538
480,2018/6/20,2018,Fieldwork_02,M,Kisho,F,AdF,Trail,PM,18.95,0,0,196.983462
481,2018/6/20,2018,Fieldwork_02,M,Maraya,M,SB,Trail,PM,18.95,0,0,188.2601985
482,2018/6/21,2018,Fieldwork_02,R,Kibande,F,AdF,Trail,AM,17.8125,17,2,200.123484
483,2018/6/21,2018,Fieldwork_02,R,Kabukojo,M,SB,Trail,AM,17.8125,17,2,169.8963616
484,2018/6/21,2018,Fieldwork_02,R,Buzinza,F,AdF,Trail,AM,17.8125,17,2,266.3550165
485,2018/6/21,2018,Fieldwork_02,R,Karembezi,M,BB,Trail,AM,17.8125,17,2,131.8191841
486,2018/6/21,2018,Fieldwork_02,R,Kanyindo,F,AdF,Trail,PM,17.8125,17,2,221.53914
487,2018/6/21,2018,Fieldwork_02,R,Ruterana,F,AdF,Trail,PM,17.8125,17,2,173.6802646
488,2018/9/4,2018,Fieldwork_03,K,Katono,F,AdF,Trail,PM,,9,1,367.2622673
489,2018/9/4,2018,Fieldwork_03,K,Rubande,F,AdF,Trail,PM,,9,1,349.8341794
490,2018/9/5,2018,Fieldwork_03,R,Kabukojo,M,SB,Trail,AM,,12,2,228.9610829
491,2018/9/5,2018,Fieldwork_03,R,Mitunu,F,AdF,Trail,AM,,12,2,346.321489
492,2018/9/5,2018,Fieldwork_03,R,Ruterana,F,AdF,Trail,PM,,12,2,256.2571912
496,2018/9/6,2018,Fieldwork_03,R,Munyana,F,AdF,Trail,AM,,10,1,186.4906937
497,2018/9/6,2018,Fieldwork_03,R,Kabukojo,M,SB,Trail,AM,,10,1,202.9509306
498,2018/9/6,2018,Fieldwork_03,R,Mitunu,F,AdF,Trail,AM,,10,1,259.6886633
499,2018/9/6,2018,Fieldwork_03,R,Ruterana,F,AdF,Trail,AM,,10,1,155.9729272
500,2018/9/6,2018,Fieldwork_03,R,Buzinza,F,AdF,Trail,PM,,10,1,142.2267343
506,2018/9/6,2018,Fieldwork_03,M,Maraya,M,SB,Nest,AM,,9,1,174.7478849
507,2018/9/6,2018,Fieldwork_03,M,Karungi,F,AdF,Trail,AM,,9,1,293.6920474
508,2018/9/6,2018,Fieldwork_03,M,Kikombe,F,AdF,Trail,AM,,9,1,131.5736041
512,2018/9/7,2018,Fieldwork_03,M,Maraya,M,SB,Nest,AM,,8,1,188.7309645
513,2018/9/7,2018,Fieldwork_03,M,Karungi,F,AdF,Trail,AM,,8,1,344.5820643
516,2018/9/8,2018,Fieldwork_03,M,Maraya,M,SB,Nest,AM,,0,,374.0169205
517,2018/9/8,2018,Fieldwork_03,M,Kikombe,F,AdF,Trail,AM,,0,,182.8291032
518,2018/9/8,2018,Fieldwork_03,M,Karungi,F,AdF,Trail,AM,,0,,316.1353638
519,2018/9/8,2018,Fieldwork_03,M,Maraya,M,SB,Trail,PM,,0,,313.1032149
520,2018/9/8,2018,Fieldwork_03,M,Twesiime,F,AdF,Trail,PM,,0,,275.9526227
526,2018/9/8,2018,Fieldwork_03,R,Kabukojo,M,SB,Nest,AM,,9,2,272.692376
527,2018/9/8,2018,Fieldwork_03,R,Ruterana,F,AdF,Trail,AM,,9,2,146.6216456
528,2018/9/8,2018,Fieldwork_03,R,Kibande,F,AdF,Trail,AM,,9,2,122.253421
529,2018/9/8,2018,Fieldwork_03,R,Kabukojo,M,SB,Trail,AM,,9,2,206.3053137
530,2018/9/8,2018,Fieldwork_03,R,Kanyindo,F,AdF,Trail,PM,,9,2,195.0808601
531,2018/9/8,2018,Fieldwork_03,R,Munyana,F,AdF,Trail,PM,,9,2,255.6104496
532,2018/9/8,2018,Fieldwork_03,R,Rushokye,M,Inf,Trail,PM,,9,2,156.0831704
540,2018/9/10,2018,Fieldwork_03,R,Kabukojo,M,SB,Nest,AM,17.175,9,1,161.2937622
541,2018/9/10,2018,Fieldwork_03,R,Nyampazi,F,AdF,Trail,AM,17.175,9,1,138.7311178
542,2018/9/10,2018,Fieldwork_03,R,Kabukojo,M,SB,Trail,AM,17.175,9,1,128.6582548
543,2018/9/10,2018,Fieldwork_03,R,Ruterana,F,AdF,Trail,AM,17.175,9,1,110.6664297
544,2018/9/10,2018,Fieldwork_03,R,Mitunu,F,AdF,Trail,AM,17.175,9,1,187.1050293
545,2018/9/10,2018,Fieldwork_03,R,Karembezi,M,BB,Trail,AM,17.175,9,1,147.50311
552,2018/9/11,2018,Fieldwork_03,K,Rubande,F,AdF,Trail,PM,17.63333333,8,1,278.2655056
553,2018/9/11,2018,Fieldwork_03,M,Maraya,M,SB,Nest,AM,17.63333333,9,1,332.8238848
554,2018/9/11,2018,Fieldwork_03,M,Karungi,F,AdF,Trail,AM,17.63333333,9,1,188.7471121
558,2018/9/12,2018,Fieldwork_03,R,Kabukojo,M,SB,Nest,AM,18.58333333,8,1,80.73153308
559,2018/9/12,2018,Fieldwork_03,R,Kibande,F,AdF,Trail,AM,18.58333333,8,1,209.6642377
560,2018/9/12,2018,Fieldwork_03,R,Buzinza,F,AdF,Trail,AM,18.58333333,8,1,244.7778254
561,2018/9/12,2018,Fieldwork_03,R,Kanywani,M,BB,Trail,AM,18.58333333,8,1,188.0725818
562,2018/9/12,2018,Fieldwork_03,R,Kabukojo,M,SB,Trail,AM,18.58333333,8,1,164.9892842
563,2018/9/12,2018,Fieldwork_03,R,Nyampazi,F,AdF,Trail,AM,18.58333333,8,1,211.7102443
564,2018/9/12,2018,Fieldwork_03,R,Barekye,M,Inf,Trail,AM,18.58333333,8,1,343.1690241
565,2018/9/12,2018,Fieldwork_03,R,Kabunga,M,SAd,Trail,PM,18.58333333,8,1,144.7349621
566,2018/9/12,2018,Fieldwork_03,R,Mitunu,F,AdF,Trail,PM,18.58333333,8,1,208.9841406
567,2018/9/12,2018,Fieldwork_03,R,Ruterana,F,AdF,Trail,PM,18.58333333,8,1,228.24975
568,2018/9/12,2018,Fieldwork_03,M,Maraya,M,SB,Nest,AM,18.58333333,9,1,527.7382483
569,2018/9/12,2018,Fieldwork_03,M,Kikombe,F,AdF,Trail,AM,18.58333333,9,1,8382.866124
570,2018/9/12,2018,Fieldwork_03,M,Karungi,F,AdF,Trail,AM,18.58333333,9,1,333.1961709
571,2018/9/12,2018,Fieldwork_03,M,Maraya,M,SB,Trail,AM,18.58333333,9,1,1011.984569
572,2018/9/13,2018,Fieldwork_03,R,Kabukojo,M,SB,Nest,AM,17.9875,6,1,204.3206172
573,2018/9/13,2018,Fieldwork_03,R,Karembezi,M,BB,Nest,AM,17.9875,6,1,160
574,2018/9/13,2018,Fieldwork_03,R,Kankwehe,F,Inf,Trail,AM,17.9875,6,1,210.3443349
575,2018/9/13,2018,Fieldwork_03,R,Mitunu,F,AdF,Trail,AM,17.9875,6,1,219.4256322
576,2018/9/13,2018,Fieldwork_03,R,Munyana,F,AdF,Trail,AM,17.9875,6,1,242.3260466
577,2018/9/13,2018,Fieldwork_03,R,Rushokye,M,Inf,Trail,AM,17.9875,6,1,282.628947
578,2018/9/13,2018,Fieldwork_03,R,Kabukojo,M,SB,Trail,AM,17.9875,6,1,256.6366624
579,2018/9/13,2018,Fieldwork_03,R,Kanyindo,F,AdF,Trail,AM,17.9875,6,1,300.0714388
580,2018/9/13,2018,Fieldwork_03,R,Kabunga,M,SAd,Trail,AM,17.9875,6,1,159.0227175
581,2018/9/13,2018,Fieldwork_03,R,Karembezi,M,BB,Trail,PM,17.9875,6,1,158.0511502
582,2018/9/14,2018,Fieldwork_03,R,Kanywani,M,BB,Trail,AM,16.97083333,10,2,336.893842
583,2018/9/14,2018,Fieldwork_03,R,Buzinza,F,AdF,Trail,AM,16.97083333,10,2,289.6470924
584,2018/9/14,2018,Fieldwork_03,R,Kabukojo,M,SB,Trail,AM,16.97083333,10,2,272.0331476
585,2018/9/14,2018,Fieldwork_03,R,Munyana,F,AdF,Trail,AM,16.97083333,10,2,352.221746
586,2018/9/14,2018,Fieldwork_03,R,Kabunga,M,SAd,Trail,AM,16.97083333,10,2,348.306901
587,2018/9/14,2018,Fieldwork_03,R,Kibande,F,AdF,Trail,AM,16.97083333,10,2,427.1524504
588,2018/9/14,2018,Fieldwork_03,R,Ruterana,F,AdF,Trail,PM,16.97083333,10,2,267.3867695
589,2018/9/14,2018,Fieldwork_03,R,Nyampazi,F,AdF,Trail,PM,16.97083333,10,2,316.6395199
590,2018/9/14,2018,Fieldwork_03,M,Maraya,M,SB,Nest,AM,16.97083333,5,1,441.0858694
591,2018/9/14,2018,Fieldwork_03,M,Karungi,F,AdF,Trail,PM,16.97083333,5,1,322.4289184
592,2018/9/14,2018,Fieldwork_03,M,Twesiime,F,AdF,Trail,PM,16.97083333,5,1,442.8689813
593,2018/9/14,2018,Fieldwork_03,M,Kikombe,F,AdF,Trail,PM,16.97083333,5,1,210.040194
594,2018/9/14,2018,Fieldwork_03,M,Maraya,M,SB,Trail,PM,16.97083333,5,1,268.9230769
595,2018/9/15,2018,Fieldwork_03,R,Kibande,F,AdF,Trail,AM,17.2875,7,1,440.5932086
596,2018/9/15,2018,Fieldwork_03,R,Karembezi,M,BB,Trail,AM,17.2875,7,1,288.6708247
597,2018/9/15,2018,Fieldwork_03,R,Kabukojo,M,SB,Trail,AM,17.2875,7,1,316.036036
598,2018/9/15,2018,Fieldwork_03,R,Ruterana,F,AdF,Trail,AM,17.2875,7,1,380.5460845
599,2018/9/15,2018,Fieldwork_03,R,Munyana,F,AdF,Trail,PM,17.2875,7,1,545.6410256
600,2018/9/15,2018,Fieldwork_03,R,Kanyindo,F,AdF,Trail,PM,17.2875,7,1,322.8939709
601,2018/9/15,2018,Fieldwork_03,R,Masanyu,M,Inf,Trail,PM,17.2875,7,1,431.6784477
602,2018/9/15,2018,Fieldwork_03,R,Nyampazi,F,AdF,Trail,PM,17.2875,7,1,623.9002079
603,2018/9/16,2018,Fieldwork_03,R,Nyampazi,F,AdF,Trail,AM,18.42083333,8,1,374.4365904
604,2018/9/16,2018,Fieldwork_03,R,Masanyu,M,Inf,Trail,AM,18.42083333,8,1,337.2141372
605,2018/9/17,2018,Fieldwork_03,R,Kabukojo,M,SB,Nest,AM,18.42083333,10,2,728.6209286
606,2018/9/17,2018,Fieldwork_03,R,Karembezi,M,BB,Trail,AM,18.26666667,10,2,373.2279972
607,2018/9/17,2018,Fieldwork_03,R,Nyampazi,F,AdF,Trail,AM,18.26666667,10,2,430.2203742
608,2018/9/17,2018,Fieldwork_03,R,Karembezi,M,BB,Trail,AM,18.26666667,10,2,358.009702
609,2018/9/17,2018,Fieldwork_03,R,Kibande,F,AdF,Trail,PM,18.26666667,10,2,527.7893278
610,2018/9/17,2018,Fieldwork_03,R,Kanyindo,F,AdF,Trail,PM,18.26666667,10,2,440.5932086
611,2018/9/17,2018,Fieldwork_03,R,Kankwehe,F,Inf,Trail,PM,18.26666667,10,2,434.6223146
612,2018/9/17,2018,Fieldwork_03,R,Kanywani,M,BB,Trail,PM,18.26666667,10,2,364.9286209
613,2018/9/17,2018,Fieldwork_03,R,Kabukojo,M,SB,Trail,PM,18.26666667,10,2,551.7837838
614,2018/9/17,2018,Fieldwork_03,R,Barekye,M,Inf,Trail,PM,18.26666667,10,2,494.4698545
615,2018/9/17,2018,Fieldwork_03,M,Maraya,M,SB,Trail,AM,18.26666667,0,,252.2910603
616,2018/9/18,2018,Fieldwork_03,K,,F,AdF,Nest,AM,17.18333333,9,1,401.020097
617,2018/9/18,2018,Fieldwork_03,K,,,SAd,Nest,AM,17.18333333,9,1,255.955648
618,2018/9/18,2018,Fieldwork_03,K,,F,AdF,Nest,AM,17.18333333,9,1,311.2460152
619,2018/9/18,2018,Fieldwork_03,K,,,Inf,Nest,AM,17.18333333,9,1,379.3097713
620,2018/9/18,2018,Fieldwork_03,K,,F,AdF,Nest,AM,17.18333333,9,1,326.9022869
621,2018/9/18,2018,Fieldwork_03,K,,,SAd,Nest,AM,17.18333333,9,1,380.5460845
622,2018/9/18,2018,Fieldwork_03,M,Maraya,M,SB,Trail,AM,17.18333333,8,1,195.021483
623,2018/9/18,2018,Fieldwork_03,M,Kikombe,F,AdF,Trail,AM,17.18333333,8,1,289.5301455
624,2018/9/18,2018,Fieldwork_03,M,Twesiime,F,AdF,Trail,AM,17.18333333,8,1,621.4497574
625,2018/9/19,2018,Fieldwork_03,R,Kabukojo,M,SB,Trail,AM,16.54583333,21,3,492.7068607
626,2018/9/19,2018,Fieldwork_03,R,Kibande,F,AdF,Trail,AM,16.54583333,21,3,263.4844075
627,2018/9/19,2018,Fieldwork_03,R,Rushokye,M,Inf,Trail,AM,16.54583333,21,3,512.6042966
628,2018/9/19,2018,Fieldwork_03,R,Karembezi,M,BB,Trail,AM,16.54583333,21,3,219.7901639
629,2018/9/19,2018,Fieldwork_03,R,Kanyindo,F,AdF,Trail,AM,16.54583333,21,3,311.1016393
630,2018/9/19,2018,Fieldwork_03,R,Munyana,F,AdF,Trail,AM,16.54583333,21,3,297.3180328
631,2018/9/19,2018,Fieldwork_03,R,Kabunga,M,SAd,Trail,PM,16.54583333,21,3,210.904918
632,2018/9/19,2018,Fieldwork_03,R,Kanywani,M,BB,Trail,PM,16.54583333,21,3,276.2885246
633,2018/9/20,2018,Fieldwork_03,M,Maraya,M,SB,Nest,AM,17.8,8,1,225.2393443
634,2018/9/20,2018,Fieldwork_03,M,Twesiime,F,AdF,Trail,AM,17.8,8,1,237.2459016
635,2018/9/20,2018,Fieldwork_03,M,Karungi,F,AdF,Trail,AM,17.8,8,1,177.3967213
636,2018/9/20,2018,Fieldwork_03,M,Maraya,M,SB,Trail,AM,17.8,8,1,174.1377049
637,2018/9/20,2018,Fieldwork_03,M,Kikombe,F,AdF,Trail,PM,17.8,8,1,220.8721311
638,2018/9/20,2018,Fieldwork_03,R,Buzinza,F,AdF,Trail,PM,17.8,12,2,184.1508197
639,2018/9/20,2018,Fieldwork_03,R,Kabukojo,M,SB,Trail,PM,17.8,12,2,190.7672131
640,2018/9/20,2018,Fieldwork_03,R,Ruterana,F,AdF,Trail,PM,17.8,12,2,302.0918033
641,2018/9/21,2018,Fieldwork_03,K,,F,AdF,Nest,AM,16.99166667,8,1,217.6590164
642,2018/9/21,2018,Fieldwork_03,K,,,SAd,Nest,AM,16.99166667,8,1,228.5901639
643,2018/9/21,2018,Fieldwork_03,K,Ntabwoba,F,AdF,Nest,AM,16.99166667,8,1,112.7803279
644,2018/9/21,2018,Fieldwork_03,K,,F,AdF,Nest,AM,16.99166667,8,1,179.0557377
645,2018/9/21,2018,Fieldwork_03,K,,,SAd,Nest,AM,16.99166667,8,1,219.7901639
646,2018/9/21,2018,Fieldwork_03,K,Ntabwoba,F,AdF,Trail,PM,16.99166667,8,1,207.3704918
647,2018/9/21,2018,Fieldwork_03,R,Mitunu,F,AdF,Trail,AM,16.99166667,14,2,179.0557377
648,2018/9/21,2018,Fieldwork_03,R,Nyampazi,F,AdF,Trail,PM,16.99166667,14,2,245.6918033
649,2018/9/22,2018,Fieldwork_03,R,Kabukojo,M,SB,Nest,AM,16.6,10,2,144.8262295
650,2018/9/22,2018,Fieldwork_03,R,Mitunu,F,AdF,Trail,AM,16.6,10,2,217.6590164
651,2018/9/22,2018,Fieldwork_03,R,Kabukojo,M,SB,Trail,AM,16.6,10,2,190.3147541
652,2018/9/22,2018,Fieldwork_03,R,Nyampazi,F,AdF,Trail,AM,16.6,10,2,86.11803279
653,2018/9/22,2018,Fieldwork_03,R,Kibande,F,AdF,Trail,PM,16.6,10,2,145.147541
654,2018/9/22,2018,Fieldwork_03,R,Karembezi,M,BB,Trail,PM,16.6,10,2,200.5245902
655,2018/9/22,2018,Fieldwork_03,R,Munyana,F,AdF,Trail,PM,16.6,10,2,123.5344262
656,2018/9/25,2018,Fieldwork_03,M,Kikombe,F,AdF,Trail,AM,18.64166667,8,1,180.7344262
657,2018/9/25,2018,Fieldwork_03,R,Kabukojo,M,SB,Nest,AM,18.64166667,9,1,231.4295082
658,2018/9/25,2018,Fieldwork_03,R,Rushokye,M,Inf,Trail,AM,18.64166667,9,1,230.8590164
659,2018/9/25,2018,Fieldwork_03,R,Ruterana,F,AdF,Trail,AM,18.64166667,9,1,170.157377
660,2018/9/25,2018,Fieldwork_03,R,Buzinza,F,AdF,Trail,AM,18.64166667,9,1,127.652459
661,2018/9/25,2018,Fieldwork_03,R,Mitunu,F,AdF,Trail,AM,18.64166667,9,1,116.4918033
662,2018/9/25,2018,Fieldwork_03,R,Kanywani,M,BB,Trail,AM,18.64166667,9,1,110.1442623
663,2018/9/25,2018,Fieldwork_03,R,Masanyu,M,Inf,Trail,PM,18.64166667,9,1,104.0362701
664,2018/9/25,2018,Fieldwork_03,R,Nyampazi,F,AdF,Trail,PM,18.64166667,9,1,124.2935915
665,2018/9/26,2018,Fieldwork_03,M,Maraya,M,SB,Nest,AM,19.07083333,8,1,268.5357187
666,2018/9/26,2018,Fieldwork_03,K,,F,AdF,Nest,AM,19.07083333,,,211.2731283
667,2018/9/26,2018,Fieldwork_03,K,,,SAd,Nest,AM,19.07083333,,,200.1715476
668,2018/9/26,2018,Fieldwork_03,K,,,SAd,Nest,AM,19.07083333,,,206.3570641
669,2018/9/26,2018,Fieldwork_03,K,,F,AdF,Nest,AM,19.07083333,,,214.2874648
670,2018/9/26,2018,Fieldwork_03,K,,,Inf,Nest,AM,19.07083333,,,231.2902831
671,2018/9/26,2018,Fieldwork_03,K,Ntabwoba,F,AdF,Nest,AM,19.07083333,,,254.9246416
672,2018/9/27,2018,Fieldwork_03,R,Munyana,F,AdF,Trail,AM,19.01666667,8,1,265.8742801
673,2018/9/27,2018,Fieldwork_03,R,Kanyindo,F,AdF,Trail,AM,19.01666667,8,1,357.1130989
674,2018/9/27,2018,Fieldwork_03,R,Kibande,F,AdF,Trail,AM,19.01666667,8,1,243.3427276
675,2018/9/27,2018,Fieldwork_03,R,Kabukojo,M,SB,Trail,AM,19.01666667,8,1,213.2777846
676,2018/9/27,2018,Fieldwork_03,R,Kabunga,M,SAd,Trail,AM,19.01666667,8,1,171.5623085
677,2018/9/27,2018,Fieldwork_03,R,Mitunu,F,AdF,Trail,AM,19.01666667,8,1,615.8804068
678,2018/9/27,2018,Fieldwork_03,R,Buzinza,F,AdF,Trail,PM,19.01666667,8,1,173.527754
679,2018/9/27,2018,Fieldwork_03,R,Masanyu,M,Inf,Trail,PM,19.01666667,8,1,272.5940448
680,2018/9/27,2018,Fieldwork_03,R,Barekye,M,Inf,Trail,PM,19.01666667,8,1,319.4069354
681,2018/9/27,2018,Fieldwork_03,R,Nyampazi,F,AdF,Trail,PM,19.01666667,8,1,288.1362578
682,2018/9/27,2018,Fieldwork_03,M,Maraya,M,SB,Nest,AM,19.01666667,7,1,239.823551
683,2018/9/28,2018,Fieldwork_03,R,Ruterana,F,AdF,Trail,AM,19.2625,12,2,137.18907
684,2018/9/28,2018,Fieldwork_03,R,Mitunu,F,AdF,Trail,AM,19.2625,12,2,152.6038476
685,2018/9/28,2018,Fieldwork_03,R,Kabunga,M,SAd,Trail,AM,19.2625,12,2,138.4046073
686,2018/9/28,2018,Fieldwork_03,R,Masanyu,M,Inf,Trail,AM,19.2625,12,2,254.9246416
687,2018/9/28,2018,Fieldwork_03,R,Munyana,F,AdF,Trail,AM,19.2625,12,2,162.4996937
688,2018/9/28,2018,Fieldwork_03,R,Kabukojo,M,SB,Trail,AM,19.2625,12,2,240.4068129
689,2018/9/28,2018,Fieldwork_03,M,Maraya,M,SB,Nest,AM,19.2625,7,1,225.8056611
690,2018/9/28,2018,Fieldwork_03,M,Karungi,F,AdF,Trail,PM,19.2625,7,1,212.7729445
691,2018/9/29,2018,Fieldwork_03,R,Nyampazi,F,AdF,Trail,AM,19.55833333,7,1,235.2260752
692,2018/9/29,2018,Fieldwork_03,R,Buzinza,F,AdF,Trail,AM,19.55833333,7,1,253.052322
693,2018/9/29,2018,Fieldwork_03,R,Kanywani,M,BB,Trail,AM,19.55833333,7,1,174.3168729
694,2018/9/29,2018,Fieldwork_03,R,Kabukojo,M,SB,Trail,AM,19.55833333,7,1,245.1317241
695,2018/9/29,2018,Fieldwork_03,R,Munyana,F,AdF,Trail,AM,19.55833333,7,1,183.7323857
696,2018/9/29,2018,Fieldwork_03,R,Kankwehe,F,Inf,Trail,AM,19.55833333,7,1,231.8441367
697,2018/9/29,2018,Fieldwork_03,R,Kibande,F,AdF,Trail,AM,19.55833333,7,1,226.8888617
698,2018/9/29,2018,Fieldwork_03,R,Barekye,M,Inf,Trail,AM,19.55833333,7,1,352.7956104
699,2018/9/29,2018,Fieldwork_03,R,Kabunga,M,SAd,Trail,AM,19.55833333,7,1,179.2537723
700,2018/9/29,2018,Fieldwork_03,K,,,SAd,Nest,AM,19.55833333,8,1,498.8203018
701,2018/9/29,2018,Fieldwork_03,K,,F,AdF,Nest,AM,19.55833333,8,1,597.744856
702,2018/9/29,2018,Fieldwork_03,K,,,Inf,Nest,AM,19.55833333,8,1,407.7969822
703,2018/9/29,2018,Fieldwork_03,K,,F,AdF,Nest,AM,19.55833333,8,1,289.6954733
704,2018/9/29,2018,Fieldwork_03,K,Ntabwoba,F,AdF,Nest,AM,19.55833333,8,1,540.3237311
705,2018/9/29,2018,Fieldwork_03,K,Rubande,F,AdF,Trail,AM,19.55833333,8,1,241.1138546
706,2018/10/1,2018,Fieldwork_03,R,Kankwehe,F,Inf,Trail,PM,16.96818182,14,2,243.9176955
707,2018/10/1,2018,Fieldwork_03,R,Kibande,F,AdF,Trail,AM,16.96818182,14,2,495.2592593
708,2018/10/1,2018,Fieldwork_03,R,Kabukojo,M,SB,Trail,PM,16.96818182,14,2,376.5102881
709,2018/10/1,2018,Fieldwork_03,R,Buzinza,F,AdF,Trail,AM,16.96818182,14,2,365.5912209
710,2018/10/1,2018,Fieldwork_03,R,Ruterana,F,AdF,Trail,AM,16.96818182,14,2,264.7572016
711,2018/10/1,2018,Fieldwork_03,R,Kanyindo,F,AdF,Trail,AM,16.96818182,14,2,420.4005487
712,2018/10/1,2018,Fieldwork_03,R,Mitunu,F,AdF,Trail,AM,16.96818182,14,2,284.4718793
713,2018/10/1,2018,Fieldwork_03,R,Nyampazi,F,AdF,Trail,PM,16.96818182,14,2,323.7695473
714,2018/10/1,2018,Fieldwork_03,R,Munyana,F,AdF,Trail,PM,16.96818182,14,2,271.9396433
715,2018/10/1,2018,Fieldwork_03,R,Karembezi,M,BB,Trail,PM,16.96818182,14,2,364.4005487
716,2018/10/1,2018,Fieldwork_03,M,Maraya,M,SB,Nest,AM,16.96818182,3,1,363.2208505
717,2018/10/1,2018,Fieldwork_03,M,Kikombe,F,AdF,Trail,AM,16.96818182,3,1,274.3868313
718,2018/10/1,2018,Fieldwork_03,M,Karungi,F,AdF,Trail,PM,16.96818182,3,1,205.2894376
719,2018/10/2,2018,Fieldwork_03,K,Karuhura,F,SAd,Trail,AM,17.62083333,8,1,342.7599451
720,2018/10/2,2018,Fieldwork_03,K,Rubande,F,AdF,Trail,PM,17.62083333,8,1,333.0864198
721,2018/10/2,2018,Fieldwork_03,K,Karureta,M,SAd,Trail,AM,17.62083333,8,1,455.0233196
722,2018/10/2,2018,Fieldwork_03,K,Ntabwoba,F,AdF,Trail,PM,17.62083333,8,1,424.7133059
723,2018/10/2,2018,Fieldwork_03,K,Katono,F,AdF,Trail,PM,17.62083333,8,1,341.6680384
724,2018/10/2,2018,Fieldwork_03,M,Maraya,M,SB,Nest,AM,17.62083333,0,,640.6035665
725,2018/10/2,2018,Fieldwork_03,M,Kisho,F,AdF,Trail,AM,17.62083333,0,,287.9396433
726,2018/10/2,2018,Fieldwork_03,M,Twesiime,F,AdF,Trail,PM,17.62083333,0,,300.515775
727,2018/10/3,2018,Fieldwork_03,R,Kankwehe,F,Inf,Trail,AM,18.85,14,2,334.1454047
728,2018/10/3,2018,Fieldwork_03,R,Rushokye,M,Inf,Trail,AM,18.85,14,2,376.5102881
729,2018/10/3,2018,Fieldwork_03,R,Nyampazi,F,AdF,Trail,AM,18.85,14,2,1207.956543
730,2018/10/3,2018,Fieldwork_03,R,Munyana,F,AdF,Trail,AM,18.85,14,2,554.1907653
731,2018/10/3,2018,Fieldwork_03,R,Kanywani,M,BB,Trail,AM,18.85,14,2,256.1303723
732,2018/10/3,2018,Fieldwork_03,R,Kibande,F,AdF,Trail,AM,18.85,14,2,303.5117431
733,2018/10/3,2018,Fieldwork_03,R,Kabukojo,M,SB,Trail,AM,18.85,14,2,1041.367631
764,2018/10/4,2018,Fieldwork_03,M,Maraya,M,SB,Nest,AM,19.0625,4,1,369.1851852
765,2018/10/4,2018,Fieldwork_03,M,Karungi,F,AdF,Trail,AM,19.0625,4,1,303.297668
766,2018/10/4,2018,Fieldwork_03,M,Twesiime,F,AdF,Trail,AM,19.0625,4,1,285.3333333
767,2018/10/4,2018,Fieldwork_03,M,Maraya,M,SB,Trail,AM,19.0625,4,1,243.2153635
768,2018/10/6,2018,Fieldwork_03,R,Buzinza,F,AdF,Trail,AM,18.97916667,9,1,230.3375681
769,2018/10/6,2018,Fieldwork_03,R,Mitunu,F,AdF,Trail,AM,18.97916667,9,1,332.1597096
770,2018/10/6,2018,Fieldwork_03,R,Kabukojo,M,SB,Trail,AM,18.97916667,9,1,260.8058076
771,2018/10/6,2018,Fieldwork_03,R,Ruterana,F,AdF,Trail,AM,18.97916667,9,1,256.399274
772,2018/10/6,2018,Fieldwork_03,R,Kabunga,M,SAd,Trail,AM,18.97916667,9,1,268.2177858
773,2018/10/6,2018,Fieldwork_03,R,Munyana,F,AdF,Trail,AM,18.97916667,9,1,295.3829401
774,2018/10/6,2018,Fieldwork_03,R,Nyampazi,F,AdF,Trail,AM,18.97916667,9,1,344.0217786
775,2018/10/6,2018,Fieldwork_03,R,Barekye,M,Inf,Trail,PM,18.97916667,9,1,354.6497278
776,2018/10/6,2018,Fieldwork_03,R,Karembezi,M,BB,Trail,PM,18.97916667,9,1,301.6116152
777,2018/10/6,2018,Fieldwork_03,K,,F,AdF,Nest,AM,18.97916667,0,0,560.2105263
778,2018/10/6,2018,Fieldwork_03,K,,F,AdF,Nest,AM,18.97916667,0,0,515.9637024
779,2018/10/6,2018,Fieldwork_03,K,,,SAd,Nest,AM,18.97916667,0,0,375.3321234
780,2018/10/6,2018,Fieldwork_03,K,,F,AdF,Nest,AM,18.97916667,0,0,342.8675136
781,2018/10/6,2018,Fieldwork_03,K,,,SAd,Nest,AM,18.97916667,0,0,348.6896552
782,2018/10/6,2018,Fieldwork_03,K,Murinzi,M,BB,Nest,AM,18.97916667,0,0,329.9673321
783,2018/10/6,2018,Fieldwork_03,K,Ntabwoba,F,AdF,Nest,AM,18.97916667,0,0,282.9546279
784,2018/10/7,2018,Fieldwork_03,K,Ntabwoba,F,AdF,Nest,AM,18.62083333,0,0,444.4791289
785,2018/10/7,2018,Fieldwork_03,K,,F,AdF,Nest,AM,18.62083333,0,0,552.0508167
786,2018/10/7,2018,Fieldwork_03,K,,F,AdF,Nest,AM,18.62083333,0,0,361.9891107
787,2018/10/7,2018,Fieldwork_03,K,,,SAd,Nest,AM,18.62083333,0,0,435.4845735
788,2018/10/7,2018,Fieldwork_03,K,,,SAd,Nest,AM,18.62083333,0,0,317.1833031
789,2018/10/7,2018,Fieldwork_03,K,,F,AdF,Nest,AM,18.62083333,0,0,396.3266788
790,2018/10/7,2018,Fieldwork_03,K,Murinzi,M,BB,Nest,AM,18.62083333,0,0,519.092559
791,2018/10/8,2018,Fieldwork_03,K,,F,AdF,Nest,AM,18.47916667,0,0,352.2540835
792,2018/10/8,2018,Fieldwork_03,K,Murinzi,M,BB,Nest,AM,18.47916667,0,0,312.0508167
793,2018/10/8,2018,Fieldwork_03,K,Ntabwoba,F,AdF,Nest,AM,18.47916667,0,0,493.8729583
794,2018/10/8,2018,Fieldwork_03,K,,F,AdF,Nest,AM,18.47916667,0,0,325.0961887
795,2018/10/8,2018,Fieldwork_03,K,,F,AdF,Nest,AM,18.47916667,0,0,476.8421053
796,2018/10/8,2018,Fieldwork_03,K,,,SAd,Nest,AM,18.47916667,0,0,422.0907441
797,2018/10/8,2018,Fieldwork_03,K,,,SAd,Nest,AM,18.47916667,0,0,282.5045372
798,2018/10/8,2018,Fieldwork_03,K,Mahane,M,SB,Nest,AM,18.47916667,0,0,414.4900181
799,2018/10/8,2018,Fieldwork_03,R,Kanywani,M,BB,Trail,AM,18.47916667,9,1,241.1034483
800,2018/10/8,2018,Fieldwork_03,R,Masanyu,M,Inf,Trail,AM,18.47916667,9,1,215.5353902
801,2018/10/8,2018,Fieldwork_03,R,Mitunu,F,AdF,Trail,AM,18.47916667,9,1,290.7005445
802,2018/10/8,2018,Fieldwork_03,R,Ruterana,F,AdF,Trail,PM,18.47916667,9,1,212.3194192
803,2018/10/8,2018,Fieldwork_03,R,Kabunga,M,SAd,Trail,PM,18.47916667,9,1,208.3534483
804,2018/10/8,2018,Fieldwork_03,R,Kabukojo,M,SB,Trail,PM,18.47916667,9,1,249.2068966
805,2018/10/8,2018,Fieldwork_03,R,Karembezi,M,BB,Trail,PM,18.47916667,9,1,207.9310345
806,2018/10/8,2018,Fieldwork_03,R,Nyampazi,F,AdF,Trail,PM,18.47916667,9,1,134.2413793
807,2018/10/9,2018,Fieldwork_03,K,,,SAd,Nest,AM,17.99166667,0,0,216.1637931
808,2018/10/9,2018,Fieldwork_03,K,Murinzi,M,BB,Nest,AM,17.99166667,0,0,206.6724138
809,2018/10/9,2018,Fieldwork_03,K,,,SAd,Nest,AM,17.99166667,0,0,298.9913793
810,2018/10/9,2018,Fieldwork_03,K,Ntabwoba,F,AdF,Nest,AM,17.99166667,0,0,328.5086207
811,2018/10/9,2018,Fieldwork_03,K,Mahane,M,SB,Nest,AM,17.99166667,0,0,327.7413793
812,2018/10/9,2018,Fieldwork_03,K,,F,AdF,Nest,AM,17.99166667,0,0,354.362069
813,2018/10/9,2018,Fieldwork_03,K,,F,AdF,Nest,AM,17.99166667,0,0,194.1551724
814,2018/10/9,2018,Fieldwork_03,M,Kisho,F,AdF,Trail,AM,17.99166667,9,1,231.9396552
815,2018/10/9,2018,Fieldwork_03,M,Karungi,F,AdF,Trail,AM,17.99166667,9,1,227.6293103
816,2018/10/9,2018,Fieldwork_03,M,Kikombe,F,AdF,Trail,PM,17.99166667,9,1,370.1465517
817,2018/10/10,2018,Fieldwork_03,R,Kabukojo,M,SB,Nest,AM,18.57083333,17,2,125.0258621
818,2018/10/10,2018,Fieldwork_03,R,Buzinza,F,AdF,Trail,AM,18.57083333,17,2,153.2758621
819,2018/10/10,2018,Fieldwork_03,R,Kabukojo,M,SB,Trail,AM,18.57083333,17,2,138.862069
820,2018/10/10,2018,Fieldwork_03,R,Kanywani,M,BB,Trail,PM,18.57083333,17,2,249.2068966
821,2018/10/10,2018,Fieldwork_03,K,Mahane,M,SB,Nest,AM,18.57083333,0,0,246.0431034
822,2018/10/10,2018,Fieldwork_03,K,,F,AdF,Nest,AM,18.57083333,0,0,227.1551724
823,2018/10/10,2018,Fieldwork_03,K,Murinzi,M,BB,Nest,AM,18.57083333,0,0,164.9051724
824,2018/10/10,2018,Fieldwork_03,K,,F,AdF,Nest,AM,18.57083333,0,0,210.4913793
825,2018/10/10,2018,Fieldwork_03,K,,,SAd,Nest,AM,18.57083333,0,0,196.1034483
826,2018/10/10,2018,Fieldwork_03,K,Ntabwoba,F,AdF,Nest,AM,18.57083333,0,0,184
827,2018/10/10,2018,Fieldwork_03,K,,,SAd,Nest,AM,18.57083333,0,0,123.1724138
828,2018/10/11,2018,Fieldwork_03,R,Kabukojo,M,SB,Trail,AM,18.92916667,17,2,231.9396552
829,2018/10/11,2018,Fieldwork_03,R,Karembezi,M,BB,Trail,PM,18.92916667,17,2,115.2155172
830,2018/10/11,2018,Fieldwork_03,R,Munyana,F,AdF,Trail,PM,18.92916667,17,2,164.2672414
831,2018/10/11,2018,Fieldwork_03,R,Nyampazi,F,AdF,Trail,PM,18.92916667,17,2,132.2413793
832,2018/10/11,2018,Fieldwork_03,R,Ruterana,F,AdF,Trail,PM,18.92916667,17,2,129.3017241
833,2018/10/11,2018,Fieldwork_03,R,Mitunu,F,AdF,Trail,PM,18.92916667,17,2,252.9655172
834,2018/10/11,2018,Fieldwork_03,R,Buzinza,F,AdF,Trail,PM,18.92916667,17,2,172.112069
835,2018/10/11,2018,Fieldwork_03,R,Barekye,M,Inf,Trail,PM,18.92916667,17,2,139.387931
836,2018/10/11,2018,Fieldwork_03,R,Kibande,F,AdF,Trail,PM,18.92916667,17,2,124.5603448
837,2018/10/11,2018,Fieldwork_03,M,Maraya,M,SB,Nest,AM,18.92916667,9,1,152.9827586
838,2018/10/11,2018,Fieldwork_03,M,Twesiime,F,AdF,Trail,AM,18.92916667,9,1,631.369606
839,2018/10/12,2018,Fieldwork_03,K,,F,AdF,Nest,AM,17.76666667,0,0,518.4907234
840,2018/10/12,2018,Fieldwork_03,K,Mahane,M,SB,Nest,AM,17.76666667,0,0,663.0977694
841,2018/10/12,2018,Fieldwork_03,K,,F,AdF,Nest,AM,17.76666667,0,0,637.5234522
842,2018/10/12,2018,Fieldwork_03,K,,,SAd,Nest,AM,17.76666667,0,0,414.0921409
843,2018/10/12,2018,Fieldwork_03,K,Murinzi,M,BB,Nest,AM,17.76666667,0,0,603.7690223
844,2018/10/12,2018,Fieldwork_03,K,Ntabwoba,F,AdF,Nest,AM,17.76666667,0,0,641.6843861
845,2018/10/12,2018,Fieldwork_03,K,,,SAd,Nest,AM,17.76666667,0,0,685.6118407
846,2018/10/12,2018,Fieldwork_03,K,Mahane,M,SB,Trail,AM,17.76666667,0,0,592.4953096
847,2018/10/13,2018,Fieldwork_03,R,Kanywani,M,BB,Trail,AM,18.4625,17,2,313.3791953
848,2018/10/13,2018,Fieldwork_03,R,Mitunu,F,AdF,Trail,AM,18.4625,17,2,336.1684386
849,2018/10/13,2018,Fieldwork_03,R,Kanyindo,F,AdF,Trail,PM,18.4625,17,2,338.7283719
850,2018/10/13,2018,Fieldwork_03,R,Kibande,F,AdF,Trail,PM,18.4625,17,2,386.3831561
851,2018/10/13,2018,Fieldwork_03,R,Kabukojo,M,SB,Trail,PM,18.4625,17,2,307.9841568
852,2018/10/13,2018,Fieldwork_03,M,Kisho,F,AdF,Trail,AM,18.4625,8,1,599.9749844
853,2018/10/13,2018,Fieldwork_03,M,Karungi,F,AdF,Trail,AM,18.4625,8,1,460.9214092
854,2018/10/15,2018,Fieldwork_03,R,Rushokye,M,Inf,Trail,AM,17.21666667,14,2,377.3691891
855,2018/10/15,2018,Fieldwork_03,R,Kabukojo,M,SB,Nest,AM,17.21666667,14,2,259.7289973
856,2018/10/15,2018,Fieldwork_03,R,Mitunu,F,AdF,Trail,AM,17.21666667,14,2,293.1832395
857,2018/10/15,2018,Fieldwork_03,R,Kabukojo,M,SB,Trail,AM,17.21666667,14,2,171.9241192
858,2018/10/15,2018,Fieldwork_03,R,Ruterana,F,AdF,Trail,PM,17.21666667,14,2,183.5897436
859,2018/10/15,2018,Fieldwork_03,R,Karembezi,M,BB,Trail,PM,17.21666667,14,2,262.8726287
860,2018/10/15,2018,Fieldwork_03,K,Ntabwoba,F,AdF,Nest,AM,17.21666667,0,0,529.3308318
861,2018/10/15,2018,Fieldwork_03,K,,F,AdF,Nest,AM,17.21666667,0,0,1035.422139
862,2018/10/15,2018,Fieldwork_03,K,Mahane,M,SB,Nest,AM,17.21666667,0,0,411.8657494
863,2018/10/15,2018,Fieldwork_03,K,,F,AdF,Nest,AM,17.21666667,0,0,354.6299771
864,2018/10/15,2018,Fieldwork_03,K,Murinzi,M,BB,Nest,AM,17.21666667,0,0,291.0402335
865,2018/10/15,2018,Fieldwork_03,K,,,SAd,Nest,AM,17.21666667,0,0,652.257661
866,2018/10/15,2018,Fieldwork_03,K,,,SAd,Nest,AM,17.21666667,0,0,298.9952053
867,2018/10/16,2018,Fieldwork_03,R,Kanywani,M,BB,Trail,AM,17.5625,15,2,215.8515739
868,2018/10/16,2018,Fieldwork_03,R,Munyana,F,AdF,Trail,AM,17.5625,15,2,367.6714613
869,2018/10/16,2018,Fieldwork_03,R,Kibande,F,AdF,Trail,AM,17.5625,15,2,390.4857202
870,2018/10/16,2018,Fieldwork_03,R,Kabukojo,M,SB,Trail,PM,17.5625,15,2,211.3320826
871,2018/10/16,2018,Fieldwork_03,M,Maraya,M,SB,Nest,AM,17.5625,9,1,307.2253492
872,2018/10/17,2018,Fieldwork_03,K,,F,AdF,Nest,AM,17.82916667,0,0,360.1500938
873,2018/10/17,2018,Fieldwork_03,K,Murinzi,M,BB,Nest,AM,17.82916667,0,0,431.4236368
874,2018/10/17,2018,Fieldwork_03,K,Ntabwoba,F,AdF,Nest,AM,17.82916667,0,0,589.015544
875,2018/10/17,2018,Fieldwork_03,K,,,SAd,Nest,AM,17.82916667,0,0,522.1021466
876,2018/10/17,2018,Fieldwork_03,K,Mahane,M,SB,Nest,AM,17.82916667,0,0,405.388601
877,2018/10/17,2018,Fieldwork_03,K,,,SAd,Nest,AM,17.82916667,0,0,373.6195411
878,2018/10/17,2018,Fieldwork_03,K,,F,AdF,Nest,AM,17.82916667,0,0,544.347397
879,2018/10/17,2018,Fieldwork_03,M,Maraya,M,SB,Nest,AM,17.82916667,8,1,393.2000987
880,2018/10/17,2018,Fieldwork_03,M,Maraya,M,SB,Trail,AM,17.82916667,8,1,476.733284
881,2018/10/18,2018,Fieldwork_03,R,Munyana,F,AdF,Trail,PM,17.85,20,3,699.9457192
882,2018/10/18,2018,Fieldwork_03,R,Kanyindo,F,AdF,Trail,PM,17.85,20,3,398.0162842
883,2018/10/18,2018,Fieldwork_03,R,Kabukojo,M,SB,Trail,PM,17.85,20,3,300.5477424
884,2018/10/18,2018,Fieldwork_03,R,Kibande,F,AdF,Trail,PM,17.85,20,3,378.1100419
885,2018/10/18,2018,Fieldwork_03,R,Mitunu,F,AdF,Trail,PM,17.85,20,3,511.4828522
886,2018/10/18,2018,Fieldwork_03,R,Karembezi,M,BB,Trail,PM,17.85,20,3,265.2158895
887,2018/10/18,2018,Fieldwork_03,R,Kabunga,M,SAd,Trail,PM,17.85,20,3,426.0251665
888,2018/10/19,2018,Fieldwork_03,M,Maraya,M,SB,Nest,AM,18.03333333,8,1,416.8171725
889,2018/10/19,2018,Fieldwork_03,M,Kikombe,F,AdF,Trail,AM,18.03333333,8,1,570.096225
890,2018/10/19,2018,Fieldwork_03,M,Karungi,F,AdF,Trail,AM,18.03333333,8,1,683.3456699
891,2018/10/19,2018,Fieldwork_03,M,Kisho,F,AdF,Trail,AM,18.03333333,8,1,783.1532198
892,2018/10/19,2018,Fieldwork_03,M,Maraya,M,SB,Trail,PM,18.03333333,8,1,312.4796447
893,2018/10/19,2018,Fieldwork_03,K,Murinzi,M,BB,Nest,AM,18.03333333,0,0,347.189736
894,2018/10/19,2018,Fieldwork_03,K,,,SAd,Nest,AM,18.03333333,0,0,615.780903
895,2018/10/19,2018,Fieldwork_03,K,Ntabwoba,F,AdF,Nest,AM,18.03333333,0,0,683.3456699
896,2018/10/19,2018,Fieldwork_03,K,,F,AdF,Nest,AM,18.03333333,0,0,484.6878855
897,2018/10/19,2018,Fieldwork_03,K,Mahane,M,SB,Nest,AM,18.03333333,0,0,744.3276585
898,2018/10/19,2018,Fieldwork_03,K,,,SAd,Nest,AM,18.03333333,0,0,803.7996546
899,2018/10/19,2018,Fieldwork_03,K,,F,AdF,Nest,AM,18.03333333,0,0,859.4522576
900,2018/10/20,2018,Fieldwork_03,R,Buzinza,F,AdF,Trail,AM,18.3,8,1,249.4942018
901,2018/10/20,2018,Fieldwork_03,R,Kabukojo,M,SB,Trail,AM,18.3,8,1,224.7619048
902,2018/10/20,2018,Fieldwork_03,R,Munyana,F,AdF,Trail,AM,18.3,8,1,316.8911917
903,2018/10/20,2018,Fieldwork_03,R,Kanyindo,F,AdF,Trail,AM,18.3,8,1,386.1337281
904,2018/10/20,2018,Fieldwork_03,R,Kibande,F,AdF,Trail,AM,18.3,8,1,378.1100419
905,2018/10/20,2018,Fieldwork_03,R,Ruterana,F,AdF,Trail,AM,18.3,8,1,196.7727609
906,2018/10/20,2018,Fieldwork_03,R,Kankwehe,F,Inf,Trail,PM,18.3,8,1,249.4942018
907,2018/10/20,2018,Fieldwork_03,R,Masanyu,M,Inf,Trail,PM,18.3,8,1,335.396003
908,2018/10/22,2018,Fieldwork_03,R,Kabukojo,M,SB,Nest,AM,18.38333333,12,2,61.11621799
909,2018/10/22,2018,Fieldwork_03,R,Karembezi,M,BB,Trail,AM,18.38333333,12,2,123.0203546
910,2018/10/22,2018,Fieldwork_03,R,Buzinza,F,AdF,Trail,AM,18.38333333,12,2,135.723353
911,2018/10/22,2018,Fieldwork_03,R,Kabukojo,M,SB,Trail,PM,18.38333333,12,2,95.8896914
912,2018/10/22,2018,Fieldwork_03,R,Mitunu,F,AdF,Trail,PM,18.38333333,12,2,110.8601445
913,2018/10/22,2018,Fieldwork_03,R,Ruterana,F,AdF,Trail,PM,18.38333333,12,2,127.3714161
914,2018/10/22,2018,Fieldwork_03,R,Kabunga,M,SAd,Trail,PM,18.38333333,12,2,108.6189538
915,2018/10/22,2018,Fieldwork_03,K,,,SAd,Nest,AM,18.38333333,0,0,112.22587
916,2018/10/22,2018,Fieldwork_03,K,,F,AdF,Nest,AM,18.38333333,0,0,232.8824688
917,2018/10/22,2018,Fieldwork_03,K,Mahane,M,SB,Nest,AM,18.38333333,0,0,200.9630116
918,2018/10/22,2018,Fieldwork_03,K,,F,AdF,Nest,AM,18.38333333,0,0,155.8152769
919,2018/10/22,2018,Fieldwork_03,K,Murinzi,M,BB,Nest,AM,18.38333333,0,0,151.6830816
920,2018/10/22,2018,Fieldwork_03,K,Ntabwoba,F,AdF,Nest,AM,18.38333333,0,0,137.9645437
921,2018/10/22,2018,Fieldwork_03,K,,,SAd,Nest,AM,18.38333333,0,0,158.0914861
922,2018/10/23,2018,Fieldwork_03,R,Kabukojo,M,SB,Nest,AM,19.07083333,10,1,74.7034362
923,2018/10/23,2018,Fieldwork_03,R,Munyana,F,AdF,Trail,AM,19.07083333,10,1,74.7034362
924,2018/10/23,2018,Fieldwork_03,R,Kibande,F,AdF,Trail,AM,19.07083333,10,1,53.07069381
925,2018/10/23,2018,Fieldwork_03,R,Ruterana,F,AdF,Trail,AM,19.07083333,10,1,115.9465966
926,2018/10/23,2018,Fieldwork_03,R,Mitunu,F,AdF,Trail,AM,19.07083333,10,1,98.07835413
927,2018/10/23,2018,Fieldwork_03,R,Nyampazi,F,AdF,Trail,AM,19.07083333,10,1,90.91704968
928,2018/10/23,2018,Fieldwork_03,R,Kabukojo,M,SB,Trail,AM,19.07083333,10,1,52.37032173
929,2018/10/23,2018,Fieldwork_03,R,Kabukojo,M,SB,Trail,AM,19.07083333,10,1,90.35675202
930,2018/10/23,2018,Fieldwork_03,R,Kanywani,M,BB,Trail,PM,19.07083333,10,1,86.36463121
931,2018/10/23,2018,Fieldwork_03,R,Barekye,M,Inf,Trail,PM,19.07083333,10,1,147.6646969
932,2018/10/23,2018,Fieldwork_03,M,Karungi,F,AdF,Trail,AM,19.07083333,10,1,156.1391989
933,2018/10/23,2018,Fieldwork_03,M,Maraya,M,SB,Trail,AM,19.07083333,10,1,184.5743051
934,2018/10/23,2018,Fieldwork_03,M,Kisho,F,AdF,Trail,PM,19.07083333,10,1,163.7820092
935,2018/10/24,2018,Fieldwork_03,K,Mahane,M,SB,Nest,AM,19.15,0,0,123.5281243
936,2018/10/24,2018,Fieldwork_03,K,,F,AdF,Nest,AM,19.15,0,0,83.3880499
937,2018/10/24,2018,Fieldwork_03,K,Murinzi,M,BB,Nest,AM,19.15,0,0,97.87699715
938,2018/10/24,2018,Fieldwork_03,K,,F,AdF,Nest,AM,19.15,0,0,107.9536004
939,2018/10/24,2018,Fieldwork_03,K,,,SAd,Nest,AM,19.15,0,0,127.1087765
940,2018/10/24,2018,Fieldwork_03,K,Ntabwoba,F,AdF,Nest,AM,19.15,0,0,81.01553951
941,2018/10/24,2018,Fieldwork_03,K,,,SAd,Nest,AM,19.15,0,0,69.27555264
942,2018/10/24,2018,Fieldwork_03,R,Karembezi,M,BB,Trail,AM,19.15,9,1,67.40205734
943,2018/10/24,2018,Fieldwork_03,R,Kabukojo,M,SB,Trail,AM,19.15,9,1,147.5543097
944,2018/10/24,2018,Fieldwork_03,R,Buzinza,F,AdF,Trail,PM,19.15,9,1,146.0593319
945,2018/10/25,2018,Fieldwork_03,R,Masanyu,M,Inf,Trail,AM,18.75416667,8,1,260.7054427
946,2018/10/25,2018,Fieldwork_03,R,Kanyindo,F,AdF,Trail,PM,18.75416667,8,1,185.7977108
947,2018/10/25,2018,Fieldwork_03,R,Kabukojo,M,SB,Trail,PM,18.75416667,8,1,111.4599393
948,2018/10/25,2018,Fieldwork_03,R,Kibande,F,AdF,Trail,PM,18.75416667,8,1,163.3917309
949,2018/10/25,2018,Fieldwork_03,R,Munyana,F,AdF,Trail,PM,18.75416667,8,1,232.1420229
950,2018/10/26,2018,Fieldwork_03,M,Maraya,M,SB,Nest,AM,18.76666667,8,1,163.9523476
951,2018/10/26,2018,Fieldwork_03,M,Kikombe,F,AdF,Trail,AM,18.76666667,8,1,170.8012147
952,2018/10/26,2018,Fieldwork_03,M,Karungi,F,AdF,Trail,AM,18.76666667,8,1,286.1480962
953,2018/10/26,2018,Fieldwork_03,M,Twesiime,F,AdF,Trail,PM,18.76666667,8,1,334.6694698
954,2018/10/26,2018,Fieldwork_03,R,Nyampazi,F,AdF,Trail,AM,18.76666667,10,1,174.6507825
955,2018/10/26,2018,Fieldwork_03,R,Karembezi,M,BB,Trail,AM,18.76666667,10,1,135.5571128
956,2018/10/26,2018,Fieldwork_03,R,Kanywani,M,BB,Trail,PM,18.76666667,10,1,191.6654987
957,2018/10/26,2018,Fieldwork_03,R,Ruterana,F,AdF,Trail,PM,18.76666667,10,1,140.2382621
958,2018/10/26,2018,Fieldwork_03,R,Buzinza,F,AdF,Trail,PM,18.76666667,10,1,191.9925251
959,2018/10/27,2018,Fieldwork_03,R,Kabukojo,M,SB,Nest,AM,18.61666667,15,2,123.270264
960,2018/10/27,2018,Fieldwork_03,R,Kabukojo,M,SB,Trail,AM,18.61666667,15,2,175.2487737
961,2018/10/27,2018,Fieldwork_03,R,Kibande,F,AdF,Trail,AM,18.61666667,15,2,188.0495211
962,2018/10/27,2018,Fieldwork_03,R,Mitunu,F,AdF,Trail,PM,18.61666667,15,2,162.2798412
963,2018/10/27,2018,Fieldwork_03,R,Kanyindo,F,AdF,Trail,PM,18.61666667,15,2,113.7771549
964,2018/10/27,2018,Fieldwork_03,R,Munyana,F,AdF,Trail,PM,18.61666667,15,2,167.9140388
965,2018/10/27,2018,Fieldwork_03,R,Kanywani,M,BB,Trail,PM,18.61666667,15,2,122.8498014
